"name","type","title","description","icon","links.0","author","published_at","links.1"
"LeadAlertsBot","bot","Lead Alerts Bot","–ë–æ—Ç –¥–ª—è –æ—Ç—Å–ª–µ–∂–∏–≤–∞–Ω–∏—è —É–ø–æ–º–∏–Ω–∞–Ω–∏–π –≤ —É–∫–∞–∑–∞–Ω–Ω—ã—Ö —á–∞—Ç–∞—Ö –∏ –∫–∞–Ω–∞–ª–∞—Ö.","/projects/lead-alerts-bot.jpg","https://t.me/LeadAlertsBot","yurayakimenko","2021-06-08",
"BookKicker_bot","bot","BookKickerüëª üìö","Kicks your book every hour to your telegram.","/projects/book-kicker-bot.jpg","https://t.me/BookKicker_bot","alexff91","2021-06-21",
"getatopic_bot","bot","getatopic","This bot will help you choose topics for an English speaking club.","/projects/get-a-topic-bot.jpg","https://t.me/getatopic_bot","vovalukashov","2021-06-21",
"antiplagiat_robot","bot","–ê–Ω—Ç–∏–ø–ª–∞–≥–∏–∞—Ç-–±–æ—Ç –æ—Ç Text.ru| –¢–æ—á–Ω–∞—è –ø—Ä–æ–≤–µ—Ä–∫–∞ –Ω–∞ —É–Ω–∏–∫–∞–ª—å–Ω–æ—Å—Ç—å","–ë—ã—Å—Ç—Ä–∞—è –ø—Ä–æ–≤–µ—Ä–∫–∞ —Ç–µ–∫—Å—Ç–∞ –Ω–∞ —É–Ω–∏–∫–∞–ª—å–Ω–æ—Å—Ç—å, –Ω–µ –≤—ã—Ö–æ–¥—è –∏–∑ Telegram, –æ—Ç Text.ru","/projects/antiplagiat-robot.jpg","https://t.me/antiplagiat_robot","eldar_agaev","2021-06-21",
"nftmap.com/landing","web","NftMap landing","Future of Digital Art","/projects/nftmap-landing.svg","https://nftmap.com/landing","bitcoinsmd","2021-06-21",
"makereview.botsbase.ru","web","–¢–µ–ª–µ–≥—Ä–∞–º –±–æ—Ç –¥–ª—è –æ—Ç–∑—ã–≤–æ–≤ –∏ –ø—Ä–µ–¥–ª–æ–∂–µ–Ω–∏–π","–¢–µ–ª–µ–≥—Ä–∞–º –±–æ—Ç –¥–ª—è –æ–ø–æ–≤–µ—â–µ–Ω–∏—è –∏ –Ω–∞–ø–æ–º–∏–Ω–∞–Ω–∏—è –æ –≤—Å—Ç—Ä–µ—á–∞—Ö –∏ –º–µ—Ä–æ–ø—Ä–∏—è—Ç–∏—è—Ö. –°–æ–∑–¥–∞–≤–∞–π—Ç–µ –≤—Å—Ç—Ä–µ—á–∏, –ø—Ä–∏–≥–ª–∞—à–∞–π—Ç–µ –ø–æ–ª—å–∑–æ–≤–∞—Ç–µ–ª–µ–π –∏ –Ω–∞–ø–æ–º–∏–Ω–∞–π—Ç–µ –∏–º –æ —Å–µ–±–µ! –ò–ª–∏ –ø–æ–¥–ø–∏—Å—ã–≤–∞–π—Ç–µ—Å—å –Ω–∞ –∏–Ω—Ç–µ—Ä–µ—Å–Ω—ã–µ –≤—Å—Ç—Ä–µ—á–∏ –∏ –Ω–µ –∑–∞–±—ã–≤–∞–π—Ç–µ –ø—Ä–æ –Ω–∏—Ö!",,"https://makereview.botsbase.ru/","bazhanRO","2021-06-21",
"videodiarybot","bot","Video Diary","–õ–∏—á–Ω—ã–µ –≤–∏–¥–µ–æ–¥–Ω–µ–≤–Ω–∏–∫–∏. Personal video diaries.","/projects/video-diary-bot.jpg","https://t.me/videodiarybot","tgaru","2021-06-28",
"checklybot","bot","Checklist","I make checklists from your messages.","/projects/checkly-bot.jpg","https://t.me/checklybot","defileroff","2021-06-28",
"nutrify_bot","bot","nutrify","–ë–æ—Ç, –≥–æ—Ç–æ–≤—ã–π –ø–æ–¥–µ–ª–∏—Ç—å—Å—è —Å–±–∞–ª–∞–Ω—Å–∏—Ä–æ–≤–∞–Ω–Ω—ã–º–∏ —Ä–∞—Ü–∏–æ–Ω–∞–º–∏ –Ω–∞ –¥–µ–Ω—å.","/projects/nutrify-bot.jpg","https://t.me/nutrify_bot","defileroff","2021-06-28",
"feed_ai","channel","Tech Feed AI","IT news summarized by AI.",,"https://t.me/feed_ai","th3luck","2021-06-28",
"voicewatcherbot","bot","Voice Watcher üéôüëÄ","–ù–∞–ø–æ–º–Ω—é –æ —Å—Ç–∞—Ä—Ç–µ –í–æ–π—Å —á–∞—Ç–∞ –≤ –≤–∞—à–µ–π –≥—Ä—É–ø–ø–µ / Reminder Bot will send the voice chat start alert","/projects/voice-watcher-bot.jpg","https://t.me/voicewatcherbot","bazhanRO","2021-06-28",
"apple.co/2UKH3rg","mobile","QR-code Widget","Need to frequently show QR-code? Add QR right to the main screen using this application! Also you can add QR to Apple Wallet.","/projects/qr-code-widget.png","https://apple.co/2UKH3rg","maxkazakov","2021-06-28",
"quit_smoking_bot","bot","–ë—Ä–æ—Å–∞–π!","–ë–æ—Ç –ø–æ–º–æ–≥–∞–µ—Ç –ª—é–¥—è–º –±—Ä–æ—Å–∏—Ç—å –∫—É—Ä–∏—Ç—å. Bot helps to quit smoking.","/projects/quit-smoking-bot.jpg","https://t.me/quit_smoking_bot","eldar_agaev","2021-07-07",
"YouTube SubSound","extension","YouTube SubSound","Automatic subtitle dubbing on YouTube. Browser extension that automatically pronounces the subtitles on YouTube.","/projects/youtube-subsound.jpg","https://chrome.google.com/webstore/detail/youtube-subsound/ohjehnjdpnambhdcalhoabplbiclekhp","tgaru ","2021-07-07",
"life_table_bot","bot","–¢–∞–±–ª–∏—Ü–∞ –∂–∏–∑–Ω–∏ | –£–∑–Ω–∞–π —Å–∫–æ–ª—å–∫–æ —Ç–µ–±–µ –æ—Å—Ç–∞–ª–æ—Å—å","–ë–æ—Ç –æ—Ç–ø—Ä–∞–≤–∏—Ç —Ç–∞–±–ª–∏—Ü—É –∂–∏–∑–Ω–∏. –ù–∞ –Ω–µ–π: –ø—Ä–æ–∂–∏—Ç—ã–µ –Ω–µ–¥–µ–ª–∏ –∏ –æ—Å—Ç–∞—Ç–æ–∫ –Ω–µ–¥–µ–ª—å –¥–æ 90 –ª–µ—Ç.","/projects/life-table-bot.jpg","https://t.me/life_table_bot","eldar_agaev","2021-07-07",
"justplacybot","bot","Placy","Placy ‚Äî find places near you. Placy ‚Äî –∏—â–∏—Ç–µ –º–µ—Å—Ç–∞ –≤–æ–∑–ª–µ –≤–∞—Å.","/projects/just-placy-bot.jpg","https://t.me/justplacybot","eldar_agaev","2021-07-19",
"face2stickerbot","bot","Face 2 Sticker","I turn your photos into comic style stickers.","/projects/face2sticker-bot.jpg","https://t.me/face2stickerbot","defileroff","2021-07-19",
"einstein_iqbot","bot","–ê–ª—å–±–µ—Ä—Ç –≠–π–Ω—à—Ç–µ–π–Ω | IQ-—Ç–µ—Å—Ç","IQ-—Ç–µ—Å—Ç –Ω–∞ —É—Ä–æ–≤–µ–Ω—å –∏–Ω—Ç–µ–ª–ª–µ–∫—Ç–∞. –ü—Ä–æ–π–¥–∏—Ç–µ —Ç–µ—Å—Ç ‚Äî> –ø–æ–ª—É—á–∏—Ç–µ —Ä–µ–∑—É–ª—å—Ç–∞—Ç!","/projects/einstein-iq-bot.jpg","https://t.me/einstein_iqbot","eldar_agaev","2021-07-19",
"FlightAlerts_Bot","bot","Flight Alerts","Track flights.","/projects/flight-alerts-bot.jpg","https://t.me/FlightAlerts_Bot","v11cb","2021-08-02",
"very_lovely_bot","bot","‚ù§Ô∏è Lovely | –ó–Ω–∞–∫–æ–º—Å—Ç–≤–∞ –≤ Telegram","–ë–æ—Ç –¥–ª—è –∏–Ω—Ç–µ—Ä–µ—Å–Ω—ã—Ö –∑–Ω–∞–∫–æ–º—Å—Ç–≤. –ó–∞–ø–æ–ª–Ω–∏ –∞–Ω–∫–µ—Ç—É -> –ø–æ–ª—É—á–∏ –∏–Ω—Ç–µ—Ä–µ—Å–Ω—ã—Ö –ª—é–¥–µ–π –∏–∑ —Å–≤–æ–µ–≥–æ –≥–æ—Ä–æ–¥–∞:)","/projects/very-lovely-bot.jpg","https://t.me/very_lovely_bot","eldar_agaev","2021-08-02",
"–ú—É–ª—å—Ç–∏–ø–æ–∏—Å–∫","extension","Metasearch engine - upgrade Google search","Instantly get search results in DuckDuckGo, Bing and Yahoo or any other search engine while searching in Google","/projects/metasearch-engine-upgrade.jpg","https://chrome.google.com/webstore/detail/multisearch-multiple-sear/hcndlmemmcbjncbmbgmplmedkmbanpbo","izvonov","2021-08-02",
"fastfeedback_bot","bot","Fast feedback","–°–æ–∑–¥–∞–π –æ–ø—Ä–æ—Å–Ω–∏–∫ –ø—Ä—è–º–æ –≤ Telegram","/projects/fast-feedback-bot.jpg","https://t.me/fastfeedback_bot","rg_ceo","2021-08-02",
"spinbottle_bot","bot","–ë—É—Ç—ã–ª–æ—á–∫–∞ | –ò–≥—Ä–∞–π —Å –¥—Ä—É–∑—å—è–º–∏","–ë–æ—Ç-–±—É—Ç—ã–ª–æ—á–∫–∞. –ü—Ä–æ–≤–µ–¥–∏—Ç–µ –≤—Ä–µ–º—è —Å –¥—Ä—É–∑—å—è–º–∏ –≤–µ—Å–µ–ª–æ.","/projects/spin-bottle-bot.jpg","https://t.me/spinbottle_bot","eldar_agaev","2021-08-02",
"Pull-ups","mobile","Pull-ups","The Best App to keep track of your physical activity for pull-ups! Set up your level and grow magnificent biceps!","/projects/pull-ups.png","https://apps.apple.com/us/app/pull-ups/id1575124865","gralexey","2021-08-10",
"CutPriceBot","bot","CutPrice","–°–æ–±–∏—Ä–∞–µ–º –æ–±—É–≤—å —Å–æ —Å–∫–∏–¥–∫–æ–π –±–æ–ª–µ–µ 30% —Å–æ –≤—Å–µ–≥–æ –∏–Ω—Ç–µ—Ä–Ω–µ—Ç–∞ üëå","/projects/cut-price-bot.jpg","https://t.me/CutPriceBot","Zestes","2021-08-10",
"DriverHot_bot","bot","–í–æ–ª–æ–¥—è, —á—Ç–æ –¥–µ–ª–∞—Ç—å? –û—Å—Ç–∞–Ω–æ–≤–∏–ª–∏ –î–ü–°!",,"/projects/driver-hot-bot.jpg","https://t.me/DriverHot_bot","Olegivsa","2021-08-10",
"punchline_robot","bot","–ü–æ–∏—Å–∫ —Ç—Ä–µ–∫–∞ –ø–æ —Ç–µ–∫—Å—Ç—É","–û—Ç–ø—Ä–∞–≤—å —Å—Ç—Ä–æ—á–∫—É –∏–∑ –ª—é–±–æ–≥–æ —Ç—Ä–µ–∫–∞, –∞ —è –ø–æ—Å—Ç–∞—Ä–∞—é—Å—å –Ω–∞–π—Ç–∏ –µ–≥–æ –Ω–∞–∑–≤–∞–Ω–∏–µ:)","/projects/punchline-robot.jpg","https://t.me/punchline_robot","eldar_agaev","2021-08-10",
"BTC_transaction_robot","bot","BTC Transaction Explorer [Bitcoin]","Checks BTC transaction status by transaction ID and notifies you when it is confirmed!","/projects/btc-transaction-robot.jpg","https://t.me/BTC_transaction_robot","eldar_agaev","2021-08-10",
"recally_bot","bot","Recally","Memorization by repetitive sending back your text","/projects/recally-bot.jpg","https://t.me/recally_bot","gralexey","2021-09-07",
"HeadMarket Subscription","web","–ü–æ–¥–ø–∏—Å–∫–∞ –Ω–∞ —Ä–∞—Å—Å—ã–ª–∫—É 1 –º–µ—Å—è—Ü","–ü–æ–ª—É—á–∞–π –µ–∂–µ–Ω–µ–¥–µ–ª—å–Ω–æ –ø–æ–¥–±–æ—Ä–∫—É —Ç–æ–ø–æ–≤—ã—Ö —Ç–æ–≤–∞—Ä–æ–≤ –Ω–∞ Wildberries","/projects/head-market-subscription.ico","https://headmarket.io/month_subscription","fedor_secret","2021-09-07",
"fun_events_bot","bot","Eventy",,,"https://t.me/fun_events_bot","gralexey","2021-09-07",
"botspulse.com","web","–ö–∞—Ç–∞–ª–æ–≥ –±–æ—Ç–æ–≤ —Ç–µ–ª–µ–≥—Ä–∞–º","–ö–∞—Ç–∞–ª–æ–≥ —Ç–µ–ª–µ–≥—Ä–∞–º –±–æ—Ç–æ–≤ 2021 –ë–æ—Ç–ë–µ–π–∑! –í—Å–µ –±–æ—Ç—ã –≤ –æ–¥–Ω–æ–º –º–µ—Å—Ç–µ!",,"https://botspulse.com/","bazhanRO","2021-09-07",
"futureweightbot","bot","FutureWeight","–ë–æ—Ç –ø–æ–∑–≤–æ–ª—è–µ—Ç —Ä–∞—Å—Å—á–∏—Ç–∞—Ç—å —Ç–µ–º–ø –ø–æ—Ö—É–¥–µ–Ω–∏—è.","/projects/future-weight-bot.jpg","https://t.me/futureweightbot","devprodct","2021-09-07",
"CryptoGrannyFree","channel","Crypto Granny Free","Crypto arbitrage opportunities delivered to your Telegram.","/projects/crypto-granny-free.jpg","https://t.me/CryptoGrannyFree","borodutch","2021-10-08",
"CommonCrypto","web","CommonCrypto","Free crypto exchange tickers API",,"https://commoncrypto.dev/","borodutch","2021-10-08",
"Dosu","web","Dosu","Share your thoughts with the world pseudonymously","/projects/dosu.png","https://dosu.io/","borodutch","2021-10-08",
"productiveme_bot","bot","Three Daily Goals","Bot for your Three Main Goals per day.","/projects/productive-me-bot.jpg","https://t.me/productiveme_bot","alexff91","2021-10-08",
"Supplar (Android, iOS)","mobile","Supplar","–î–Ω–µ–≤–Ω–∏–∫ –ø–∏—Ç–∞–Ω–∏—è. –ß—Ç–æ —Å–µ–≥–æ–¥–Ω—è –ø—Ä–∏–≥–æ—Ç–æ–≤–∏—Ç—å –Ω–∞ —É–∂–∏–Ω?","/projects/supplar.webp","https://play.google.com/store/apps/details?id=com.supplar","dexedrine","2021-10-08","https://apps.apple.com/ru/app/supplar/id1577333163"
"palitra.app","web","The easiest way to find a color palette","Free color palette finder allows you easy find a color palette. Just enter keywords and get your color palette! Try it now!","/projects/palitra-app.png","https://palitra.app/","pyoner","2021-10-08",
"gotohr.ru","web","–ü—Ä–æ—Å—Ç–æ–π —Å–ø–æ—Å–æ–± –æ–ø—É–±–ª–∏–∫–æ–≤–∞—Ç—å –≤–∞–∫–∞–Ω—Å–∏—é","–ü—É–±–ª–∏–∫—É–π—Ç–µ –≤–∞–∫–∞–Ω—Å–∏—é –µ–¥–∏–Ω–æ—Ä–∞–∑–æ–≤–æ –Ω–∞ —Å–∞–π—Ç–∞—Ö –ø–æ –ø–æ–∏—Å–∫—É –≤–∞–∫–∞–Ω—Å–∏–π, –≤ —Ç–µ–ª–µ–≥—Ä–∞–º –∫–∞–Ω–∞–ª–∞—Ö, –≥—Ä—É–ø–ø–∞—Ö –∏ —á–∞—Ç–∞—Ö.","/projects/gotohr.png","https://gotohr.ru/","dshuran","2021-10-08",
"flag_guesser_bot","bot","–£–≥–∞–¥–∞–π —Ñ–ª–∞–≥!","–£–≥–∞–¥–∞–π —Å—Ç—Ä–∞–Ω—É –ø–æ —Ñ–ª–∞–≥—É!","/projects/flag-guesser-bot.jpg","https://t.me/flag_guesser_bot","eldar_agaev","2021-10-08",
"DoEventaBot","bot","DoEventa",,"/projects/do-eventa-bot.jpg","https://t.me/DoEventaBot","memanot","2021-10-08",
"ens.utilz.dev","web","üî• ENS Domains Catcher üî•",,"/projects/ens-utilz-dev.ico","https://ens.utilz.dev/","johnnykramer","2021-11-08",
"speakingbuddybot","bot","Shuffle","Bot helps people connect with each other to regularly practice English.","/projects/speaking-buddy-bot.jpg","https://t.me/speakingbuddybot","spbguy","2021-11-08",
"TestYourEnglishLevelBot","bot","Test Your English","–ë–æ—Ç –æ–ø—Ä–µ–¥–µ–ª–∏—Ç –≤–∞—à —É—Ä–æ–≤–µ–Ω—å –∞–Ω–≥–ª–∏–π—Å–∫–æ–≥–æ —è–∑—ã–∫–∞ –Ω–∞ –æ—Å–Ω–æ–≤–µ –±—ã—Å—Ç—Ä–æ–≥–æ —Ç–µ—Å—Ç–∞.","/projects/test-your-english-level-bot.jpg","https://t.me/TestYourEnglishLevelBot","spbguy","2021-11-08",
"yunior.app","web","–Æ–Ω–∏–æ—Ä. –í–∞–∫–∞–Ω—Å–∏–∏","–ò–Ω—Ç–µ–ª–ª–µ–∫—Ç—É–∞–ª—å–Ω–∞—è —Ä–∞–±–æ—Ç–∞, —Å—Ç–∞–∂–∏—Ä–æ–≤–∫–∏ –∏ –¥—Ä—É–≥–∏–µ –∫–∞—Ä—å–µ—Ä–Ω—ã–µ –≤–æ–∑–º–æ–∂–Ω–æ—Å—Ç–∏ –¥–ª—è —Å—Ç—É–¥–µ–Ω—Ç–æ–≤ –∏ –º–æ–ª–æ–¥—ã—Ö —Å–ø–µ—Ü–∏–∞–ª–∏—Å—Ç–æ–≤ –≤ –∫—Ä—É–ø–Ω—ã—Ö –∫–æ–º–ø–∞–Ω–∏—è—Ö –∏ –∫—Ä—É—Ç—ã—Ö —Å—Ç–∞—Ä—Ç–∞–ø–∞—Ö","/projects/yunior-app.ico","https://yunior.app/","spbguy","2021-11-08",
"base.yunior.app","web","–Æ–Ω–∏–æ—Ä. –ë–∞–∑–∞ —Å–ø–µ—Ü–∏–∞–ª–∏—Å—Ç–æ–≤","–ë–∞–∑–∞ –º–æ—Ç–∏–≤–∏—Ä–æ–≤–∞–Ω–Ω—ã—Ö –∫–∞–Ω–¥–∏–¥–∞—Ç—ã —Å –∞–∫—Ç—É–∞–ª—å–Ω—ã–º–∏ –∑–Ω–∞–Ω–∏—è–º–∏ –∏ –Ω–∞–≤—ã–∫–∞–º–∏","/projects/base-yunior-app.ico","https://base.yunior.app/","spbguy","2021-11-08",
"dovideo.net","web","Focus on youtube video without any distractions!",,,"https://dovideo.net/","dshuran","2021-11-08",
"hearty_robot","bot","–í—ã—Å–∫–∞–∂–∏—Å—å | Hearty bot","–≠—Ç–æ—Ç –±–æ—Ç –ø–æ–º–æ–∂–µ—Ç —Ç–µ–±–µ –≤—ã—Å–∫–∞–∑–∞—Ç—å—Å—è.","/projects/hearty-robot.jpg","https://t.me/hearty_robot","eldar_agaev","2021-11-08",
"habit_up_bot","bot","HabitUP - —Ç—Ä–µ–∫–µ—Ä –ø—Ä–∏–≤—ã—á–µ–∫",,"/projects/habit-up-bot.jpg","https://t.me/habit_up_bot","Geramozg","2021-11-08",
"RightChooserBot","bot","RightChoice",,,"https://t.me/RightChooserBot","CodeOrDie42","2021-11-08",
"Crowdy","mobile","Crowdy","On the map, you see a heat map of the people around you. This allows you to see in real-time what level of congestion is on the streets to avoid the crowds.","/projects/crowdy.webp","https://play.google.com/store/apps/details?id=com.alftech.crowdy","alexff91","2021-11-08",
"botspulsebot","bot","–ë–æ—Ç–ü—É–ª—å—Å–ë–æ—Ç ‚Äî –∫–∞—Ç–∞–ª–æ–≥ –±–æ—Ç–æ–≤",,"/projects/bot-pulse-bot.jpg","https://t.me/botspulsebot","bazhanRO","2021-11-08",
"IsBotDownBot","bot","Is Bot Down","I check if other bots are down. Just send me a bot's username and I'll check it!","/projects/is-bot-down-bot.jpg","https://t.me/IsBotDownBot","borodutch","2021-11-08",
"viavidbot","bot","Via Vid","–û—Ç–ø—Ä–∞–≤–ª—è–π—Ç–µ –≤–∏–¥–µ–æ —Å–æ–æ–±—â–µ–Ω–∏—è –≤ –ª—é–±—ã—Ö —á–∞—Ç–∞—Ö üé•",,"https://t.me/viavidbot","rg_ceo","2021-11-08",
"antispamname_bot","bot","AntiSpam Name Bot","–£–¥–∞–ª—è—é –±–æ—Ç–æ–≤ –ø–æ —Å–ø–∞–º–Ω—ã–º–∏ –Ω–∏–∫–∞–º–∏ –∏–∑ —á–∞—Ç–æ–≤.","/projects/antispam-name-bot.jpg","https://t.me/antispamname_bot","bazhanRO","2021-11-22",
"getwallof.love","web","Get Wall Of Love üíï","A simple web application that creates ""Wall Of Love"" for ProductHunt applications.","/projects/get-wallof-love.png","https://getwallof.love/","pyoner","2021-11-22",
"YourDomainHealthCheckBot","bot","HealthCheck","This bot helps to check all your domains every minute.","/projects/your-domain-health-check-bot.jpg","https://t.me/YourDomainHealthCheckBot","alexff91","2021-11-22",
"checkcv.info","web","Check CV","Check your CV instantly","/projects/check-vc.ico","https://checkcv.info/","alexff91","2021-11-22",
"Foreign Agent Remover","extension","Foreign Agent Remover","Extension removes annoying message about foreign agent","/projects/foreign-agent-remover.jpg","https://chrome.google.com/webstore/detail/foreign-agent-remover/dlliidoiehmofdlgkclhoifnghmpelkh","alexff91","2021-11-22",
"–ê–≤—Ç–æ—é—Ä–∏—Å—Ç –í–æ–ª–æ–¥—è","mobile","–ê–≤—Ç–æ—é—Ä–∏—Å—Ç –í–æ–ª–æ–¥—è. –ü–æ–º–æ—â—å —Å –î–ü–°","–ü—Ä–∏–≤–µ—Ç! –Ø - –∞—Å—Å–∏—Å—Ç–µ–Ω—Ç –í–æ–ª–æ–¥—è. –ü–æ–º–æ–≥–∞—é –ø—Ä–∞–≤–∏–ª—å–Ω–æ –æ–±—â–∞—Ç—å—Å—è —Å –∏–Ω—Å–ø–µ–∫—Ç–æ—Ä–æ–º –î–ü–°.","/projects/auto-lawyer-volodya.webp","https://play.google.com/store/apps/details?id=com.steelmar.hotbot_app1","Olegivsa","2021-11-22",
"BotMailingsBot","bot","BotMailingsBot","–ë–æ—Ç –¥–ª—è —Ä–∞—Å—Å—ã–ª–∫–∏ —Å–æ–æ–±—â–µ–Ω–∏–π –ø–æ –≤–∞—à–∏–º —Ç–µ–ª–µ–≥—Ä–∞–º –±–æ—Ç–∞–º.","/projects/bot-mailings-bot.jpg","https://t.me/BotMailingsBot","yarfuo","2021-11-22",
"scam_checker_bot","bot","Scam Checker","Scam Checker helps you to fight scammers","static/projects/scam-checker-bot.jpg","https://t.me/scam_checker_bot","sergeistepanov","2021-11-22",